label,fname,manually_verified,freesound_id,license
Knock,003da8e5.wav,1,164564,Creative Commons 0
Computer_keyboard,0063ab88.wav,0,210304,Creative Commons 0
Keys_jangling,0075d39c.wav,0,134885,Attribution
Laughter,0097160c.wav,1,343867,Creative Commons 0
Laughter,00ad7068.wav,0,42843,Attribution
Laughter,00c934d7.wav,1,179989,Attribution
Cough,00d1fe46.wav,0,93029,Creative Commons 0
Keys_jangling,022092bc.wav,0,167876,Creative Commons 0
Knock,022cc908.wav,1,193861,Creative Commons 0
Computer_keyboard,02328c03.wav,0,319326,Creative Commons 0
Laughter,024a193f.wav,1,209210,Creative Commons 0
Keys_jangling,0256c2f2.wav,1,336200,Creative Commons 0
Knock,025f7eac.wav,1,103999,Creative Commons 0
Keys_jangling,029b22f3.wav,0,9232,Attribution
Cough,02d6b747.wav,1,98676,Creative Commons 0
Keys_jangling,0350156b.wav,0,220420,Attribution
Knock,03a01285.wav,1,182039,Attribution
Knock,03d00f38.wav,0,345312,Creative Commons 0
Laughter,041396a9.wav,1,60606,Creative Commons 0
Laughter,0447d04d.wav,0,244331,Creative Commons 0
Cough,047b3d34.wav,0,180046,Attribution
Finger_snapping,0496718e.wav,1,346786,Attribution
Knock,04a7003c.wav,1,349307,Creative Commons 0
Knock,04ad9aa5.wav,1,349295,Creative Commons 0
Knock,04d0cae4.wav,0,349284,Creative Commons 0
Finger_snapping,051138fc.wav,1,346794,Attribution
Knock,05149415.wav,1,113131,Creative Commons 0
Knock,06006fca.wav,0,193832,Creative Commons 0
Computer_keyboard,060b8c30.wav,0,153246,Attribution
Finger_snapping,060ba089.wav,1,346810,Attribution
Laughter,0632d921.wav,0,260825,Creative Commons 0
Computer_keyboard,065e7bb4.wav,0,167256,Attribution
Laughter,06712325.wav,0,351424,Creative Commons 0
Finger_snapping,06b9dc31.wav,1,325265,Creative Commons 0
Finger_snapping,06feb8ea.wav,0,16451,Creative Commons 0
Laughter,0733ce78.wav,0,72837,Attribution
Finger_snapping,0779162e.wav,1,161268,Attribution
Knock,0784c182.wav,1,144947,Creative Commons 0
Cough,07ec6849.wav,0,125403,Creative Commons 0
Keys_jangling,081c263d.wav,1,336198,Creative Commons 0
Knock,08c931f6.wav,0,349306,Creative Commons 0
Computer_keyboard,08d931c3.wav,1,379073,Creative Commons 0
Cough,09282dc5.wav,0,9297,Creative Commons 0
Keys_jangling,096b4d70.wav,0,258074,Creative Commons 0
Knock,097b5ab0.wav,1,193844,Creative Commons 0
Laughter,098c2232.wav,0,273925,Attribution
Computer_keyboard,0994e80c.wav,1,155575,Creative Commons 0
Laughter,09986ba4.wav,0,72843,Attribution
Cough,09a355a9.wav,0,19116,Attribution
Keys_jangling,09a585bf.wav,1,235614,Creative Commons 0
Computer_keyboard,09b901f8.wav,1,380170,Attribution
Finger_snapping,0a6dbf2c.wav,1,361747,Creative Commons 0
Knock,0aa17642.wav,1,211502,Attribution
Computer_keyboard,0acba147.wav,1,120567,Attribution
Cough,0b142b38.wav,0,196283,Creative Commons 0
Finger_snapping,0b3c0588.wav,1,216660,Creative Commons 0
Cough,0b3d7a19.wav,0,171542,Attribution
Cough,0b5b6734.wav,0,218306,Creative Commons 0
Keys_jangling,0b5ea11d.wav,0,260845,Attribution
Knock,0b95a1b5.wav,1,193842,Creative Commons 0
Laughter,0ba8bcc2.wav,0,30281,Attribution
Keys_jangling,0bb6b85a.wav,0,25308,Creative Commons 0
Keys_jangling,0bc522f3.wav,1,134884,Attribution
Laughter,0bd9f47b.wav,1,132816,Attribution
Finger_snapping,0c2f1a54.wav,1,361769,Creative Commons 0
Knock,0c3e92c7.wav,0,258385,Attribution
Keys_jangling,0c4948ba.wav,0,156178,Creative Commons 0
Laughter,0ca8b59b.wav,1,15291,Attribution
Laughter,0cbfebc7.wav,0,277597,Attribution
Finger_snapping,0cc4c3b7.wav,0,361761,Creative Commons 0
Laughter,0cdfa126.wav,1,344025,Creative Commons 0
Knock,0da86798.wav,1,349299,Creative Commons 0
Laughter,0dc26ae9.wav,1,111161,Attribution
Computer_keyboard,0dd326ca.wav,0,228602,Creative Commons 0
Knock,0e5c9ed0.wav,0,32297,Attribution
Keys_jangling,0e7f9fdb.wav,0,32940,Creative Commons 0
Knock,0e89fb66.wav,0,193855,Creative Commons 0
Laughter,0ec012fc.wav,0,62263,Attribution
Keys_jangling,0f444884.wav,0,175667,Attribution
Laughter,0f6e2a63.wav,0,173933,Creative Commons 0
Laughter,0f7f0d86.wav,0,92408,Attribution
Cough,0ff26813.wav,0,23092,Attribution
Knock,0ff3a423.wav,0,244983,Creative Commons 0
Finger_snapping,105f4e16.wav,1,177497,Attribution
Knock,1071fd84.wav,1,349304,Creative Commons 0
Keys_jangling,1152dffc.wav,0,257746,Creative Commons 0
Finger_snapping,11782c39.wav,0,117117,Creative Commons 0
Computer_keyboard,11d883c3.wav,1,179385,Attribution
Laughter,11e63946.wav,1,241539,Creative Commons 0
Cough,11f33ae4.wav,1,343913,Creative Commons 0
Cough,12323e04.wav,0,142604,Creative Commons 0
Knock,125e64b7.wav,0,349310,Creative Commons 0
Cough,12d43904.wav,0,177286,Creative Commons 0
Knock,1387ba89.wav,1,144948,Creative Commons 0
Laughter,14577fc0.wav,1,92377,Attribution
Cough,146fd7fd.wav,0,260907,Creative Commons 0
Knock,14d0bd27.wav,0,370916,Attribution
Finger_snapping,14d18455.wav,0,119147,Creative Commons 0
Knock,14e27632.wav,0,237937,Creative Commons 0
Finger_snapping,14f13e6f.wav,1,346809,Attribution
Laughter,1516d630.wav,0,169806,Attribution
Computer_keyboard,151b80e7.wav,1,379100,Creative Commons 0
Keys_jangling,155b4487.wav,1,85121,Attribution
Knock,15d67d1c.wav,0,164565,Creative Commons 0
Cough,16670642.wav,0,331056,Attribution
Knock,168adcd0.wav,0,53268,Attribution
Computer_keyboard,169192c3.wav,0,266776,Creative Commons 0
Finger_snapping,169acff4.wav,1,361760,Creative Commons 0
Laughter,16caff03.wav,0,177066,Creative Commons 0
Laughter,16d51b04.wav,0,203528,Creative Commons 0
Knock,1726fa04.wav,0,260224,Creative Commons 0
Laughter,174baf55.wav,0,152911,Attribution
Cough,1755b07f.wav,0,19804,Attribution
Cough,1775d5a0.wav,0,148211,Creative Commons 0
Cough,17898a27.wav,0,351154,Creative Commons 0
Knock,182919ec.wav,1,349243,Attribution
Cough,182d509a.wav,1,331052,Attribution
Cough,18829f93.wav,1,337678,Creative Commons 0
Laughter,188cfb1b.wav,1,92368,Attribution
Laughter,18950b86.wav,0,204703,Attribution
Cough,18e0caac.wav,0,164341,Creative Commons 0
Knock,193ab4fd.wav,0,69888,Creative Commons 0
Cough,193e878a.wav,0,318079,Creative Commons 0
Knock,1966b87b.wav,0,182023,Attribution
Laughter,196c8a34.wav,0,162860,Attribution
Keys_jangling,197fe6b5.wav,1,145383,Creative Commons 0
Keys_jangling,1a6fce36.wav,0,205083,Creative Commons 0
Laughter,1a707aaf.wav,1,92381,Attribution
Cough,1a86eff7.wav,0,323699,Creative Commons 0
Laughter,1b246359.wav,0,1791,Attribution
Knock,1b3b537f.wav,0,349288,Creative Commons 0
Knock,1b9ea226.wav,0,53273,Attribution
Knock,1bd3ba0b.wav,1,135428,Creative Commons 0
Knock,1bda949f.wav,0,34261,Attribution
Knock,1c603b9f.wav,1,342551,Creative Commons 0
Laughter,1cccb873.wav,1,132807,Attribution
Knock,1cd6919e.wav,0,104000,Creative Commons 0
Keys_jangling,1d542616.wav,1,336197,Creative Commons 0
Knock,1d95d110.wav,0,218988,Attribution
Laughter,1dc3679a.wav,0,60794,Attribution
Computer_keyboard,1de324d8.wav,0,380702,Creative Commons 0
Computer_keyboard,1e275fbc.wav,1,333575,Creative Commons 0
Finger_snapping,1ec7f0f3.wav,1,137104,Creative Commons 0
Knock,1eddce43.wav,1,193849,Creative Commons 0
Laughter,1f83b349.wav,0,135185,Creative Commons 0
Cough,1f9b86a0.wav,0,331058,Attribution
Knock,1fee5016.wav,0,169580,Attribution
Finger_snapping,1ff5a0be.wav,0,140055,Attribution
Finger_snapping,2049c17b.wav,0,80743,Attribution
Laughter,2072ebd5.wav,1,42845,Attribution
Keys_jangling,20889068.wav,0,235466,Creative Commons 0
Cough,20890d27.wav,1,180040,Attribution
Laughter,20c9fd28.wav,0,30043,Attribution
Knock,20dafbd4.wav,0,182034,Attribution
Keys_jangling,20e4c84a.wav,1,340887,Attribution
Knock,210f2580.wav,0,193870,Creative Commons 0
Finger_snapping,2153d27e.wav,1,148092,Creative Commons 0
Keys_jangling,21909da5.wav,0,235564,Creative Commons 0
Knock,21fbdc6d.wav,0,251426,Creative Commons 0
Knock,22007c10.wav,0,133889,Creative Commons 0
Laughter,22e83dcb.wav,1,241537,Creative Commons 0
Laughter,234a0656.wav,0,223521,Creative Commons 0
Laughter,2372eeb4.wav,0,47372,Attribution
Knock,23786ab2.wav,0,208695,Creative Commons 0
Cough,237e1078.wav,0,148208,Creative Commons 0
Cough,23b6d45c.wav,0,346648,Attribution
Laughter,23b8788a.wav,0,82386,Attribution
Cough,23ebf391.wav,0,26336,Attribution
Cough,24779e2d.wav,0,155905,Creative Commons 0
Laughter,2499fad5.wav,1,241525,Creative Commons 0
Laughter,2539611b.wav,0,156,Attribution
Cough,256bc358.wav,0,18742,Attribution
Knock,2588c966.wav,0,241644,Attribution
Knock,25c11b5d.wav,0,193837,Creative Commons 0
Laughter,25c99ad7.wav,0,155942,Attribution
Knock,2665dfa2.wav,1,193858,Creative Commons 0
Cough,266a279f.wav,1,211197,Attribution
Finger_snapping,26b82ff7.wav,0,346790,Attribution
Knock,26dd557f.wav,0,136544,Creative Commons 0
Keys_jangling,26f2aaee.wav,1,321476,Creative Commons 0
Keys_jangling,275018bb.wav,1,360694,Attribution
Cough,282aa031.wav,0,234858,Creative Commons 0
Cough,2846dc18.wav,0,342587,Creative Commons 0
Knock,28712a45.wav,1,103995,Creative Commons 0
Knock,28aa7f31.wav,0,31371,Attribution
Keys_jangling,28ab5413.wav,1,336203,Creative Commons 0
Knock,28b75c35.wav,1,251424,Creative Commons 0
Cough,28c13a63.wav,1,323693,Creative Commons 0
Keys_jangling,28d80cf6.wav,1,73092,Attribution
Knock,28e413d2.wav,0,250539,Creative Commons 0
Cough,29076655.wav,0,210733,Attribution
Computer_keyboard,2924977b.wav,1,332179,Attribution
Knock,29a016e0.wav,1,349291,Creative Commons 0
Computer_keyboard,29de4510.wav,1,155573,Creative Commons 0
Finger_snapping,2a069951.wav,0,235283,Creative Commons 0
Laughter,2ae34e2b.wav,0,213290,Attribution
Keys_jangling,2b2e2b89.wav,1,321483,Creative Commons 0
Laughter,2b6f431f.wav,0,4237,Attribution
Keys_jangling,2bfa6330.wav,1,152898,Creative Commons 0
Knock,2c560330.wav,0,82421,Creative Commons 0
Knock,2cb63f61.wav,0,232923,Creative Commons 0
Computer_keyboard,2d189f89.wav,1,158057,Attribution
Knock,2d336768.wav,0,349242,Attribution
Computer_keyboard,2d455eca.wav,0,215946,Attribution
Knock,2d4e60bd.wav,0,42728,Attribution
Cough,2d928ec4.wav,0,240375,Creative Commons 0
Laughter,2e1973a4.wav,0,60797,Attribution
Laughter,2e2fa0bf.wav,1,174625,Attribution
Keys_jangling,2e6df938.wav,0,9185,Attribution
Cough,2e7a4dc2.wav,1,184871,Creative Commons 0
Computer_keyboard,2eb1e5f9.wav,0,331347,Creative Commons 0
Knock,2ed3c63d.wav,1,182041,Attribution
Laughter,2f06441d.wav,0,344001,Creative Commons 0
Finger_snapping,3009e783.wav,0,336938,Creative Commons 0
Laughter,30819e5e.wav,0,204497,Attribution
Knock,30cdd2b5.wav,0,353036,Attribution
Knock,31d1119d.wav,1,182032,Attribution
Finger_snapping,32737a24.wav,1,265290,Attribution
Knock,32880ae6.wav,0,347609,Creative Commons 0
Laughter,32ce1b18.wav,0,19164,Attribution
Knock,330ba9ae.wav,0,370920,Attribution
Cough,331b3a0f.wav,1,181171,Creative Commons 0
Laughter,335ef9e4.wav,1,92397,Attribution
Knock,3457a86f.wav,0,217389,Creative Commons 0
Knock,3464ede4.wav,0,193828,Creative Commons 0
Computer_keyboard,349ff282.wav,1,352413,Creative Commons 0
Knock,352875e7.wav,0,144950,Creative Commons 0
Computer_keyboard,354cabb9.wav,1,233476,Attribution
Keys_jangling,358139e5.wav,0,208768,Creative Commons 0
Knock,35844050.wav,0,104001,Creative Commons 0
Laughter,3650faee.wav,1,60807,Attribution
Keys_jangling,369293a9.wav,1,261466,Creative Commons 0
Finger_snapping,36af0778.wav,1,176153,Attribution
Knock,36b2afa9.wav,1,218985,Attribution
Laughter,36ccf0c8.wav,1,266359,Creative Commons 0
Cough,3798cb82.wav,0,240374,Creative Commons 0
Laughter,37c85fee.wav,0,30040,Attribution
Laughter,3814ab19.wav,0,98382,Attribution
Knock,381c8f4f.wav,0,71135,Attribution
Keys_jangling,38311105.wav,0,354021,Creative Commons 0
Laughter,38460d69.wav,0,124028,Attribution
Cough,384e198d.wav,1,343910,Creative Commons 0
Laughter,38e1a81c.wav,1,184616,Creative Commons 0
Knock,38f5a8df.wav,0,113128,Creative Commons 0
Keys_jangling,39788c4e.wav,0,347908,Attribution
Laughter,3994f7ef.wav,0,159137,Creative Commons 0
Knock,39d69471.wav,0,170902,Attribution
Cough,39eee2a5.wav,0,132601,Attribution
Keys_jangling,3a0e1a71.wav,0,73093,Attribution
Keys_jangling,3a40f0c7.wav,1,9187,Attribution
Finger_snapping,3a81bb6d.wav,1,361754,Creative Commons 0
Computer_keyboard,3a89d0e3.wav,0,334990,Creative Commons 0
Laughter,3a9f7224.wav,0,343984,Creative Commons 0
Finger_snapping,3abd9b8d.wav,1,177495,Attribution
Keys_jangling,3aeb3ecc.wav,1,51438,Creative Commons 0
Computer_keyboard,3b72ed77.wav,0,353609,Creative Commons 0
Computer_keyboard,3b79f91e.wav,1,332178,Attribution
Cough,3b802d90.wav,0,43481,Attribution
Laughter,3bb61de8.wav,0,243022,Creative Commons 0
Computer_keyboard,3bc50b52.wav,0,252715,Attribution
Laughter,3c239857.wav,0,109759,Attribution
Laughter,3c32e5d3.wav,0,134720,Creative Commons 0
Keys_jangling,3c731886.wav,0,95005,Creative Commons 0
Finger_snapping,3cd67000.wav,1,346813,Attribution
Laughter,3d3159e3.wav,1,166133,Creative Commons 0
Laughter,3d3b9761.wav,0,132738,Attribution
Knock,3d51eb7a.wav,1,193848,Creative Commons 0
Knock,3d678687.wav,0,184691,Attribution
Cough,3d795d2a.wav,0,360460,Creative Commons 0
Computer_keyboard,3dc1faa7.wav,1,155574,Creative Commons 0
Knock,3de081b1.wav,0,113137,Creative Commons 0
Cough,3dee39ff.wav,0,210010,Creative Commons 0
Laughter,3e5a6eea.wav,0,9547,Attribution
Cough,3e782d24.wav,0,19803,Attribution
Laughter,3e7bb5fe.wav,1,167577,Creative Commons 0
Knock,3ead1c2e.wav,1,152593,Attribution
Cough,3ee056f2.wav,0,154766,Creative Commons 0
Laughter,3eed2e68.wav,1,232467,Creative Commons 0
Finger_snapping,3f395899.wav,0,235277,Creative Commons 0
Cough,3f52541c.wav,0,171396,Attribution
Laughter,3f6dbc86.wav,0,240324,Creative Commons 0
Knock,3f78b9c5.wav,1,193859,Creative Commons 0
Knock,3fbc44fd.wav,1,164569,Creative Commons 0
Cough,3fbc907f.wav,0,191337,Attribution
Laughter,40a93104.wav,0,168682,Attribution
Finger_snapping,4109784c.wav,0,369549,Creative Commons 0
Finger_snapping,4161f2a2.wav,1,346808,Attribution
Laughter,41933d4e.wav,1,83974,Creative Commons 0
Keys_jangling,420ecbc6.wav,0,199731,Attribution
Cough,42331d5b.wav,0,45577,Attribution
Cough,4249de71.wav,0,148206,Creative Commons 0
Finger_snapping,426c2736.wav,0,262926,Creative Commons 0
Knock,42a718ea.wav,0,182043,Attribution
Knock,42b0e12c.wav,1,349292,Creative Commons 0
Laughter,42cea3c1.wav,0,60800,Attribution
Knock,42ef28b8.wav,0,53272,Attribution
Cough,430902a2.wav,0,19114,Attribution
Laughter,43671f8b.wav,0,9559,Attribution
Computer_keyboard,438b6454.wav,1,379068,Creative Commons 0
Computer_keyboard,43e872b1.wav,1,323432,Creative Commons 0
Cough,441a4e7d.wav,0,155591,Attribution
Computer_keyboard,44efa03d.wav,1,195223,Creative Commons 0
Laughter,4526e386.wav,0,170786,Creative Commons 0
Computer_keyboard,45539540.wav,0,379418,Creative Commons 0
Knock,45b9bc91.wav,1,193856,Creative Commons 0
Laughter,45d71502.wav,1,259611,Attribution
Cough,45ea531e.wav,0,240276,Attribution
Cough,45f3e225.wav,1,87412,Creative Commons 0
Keys_jangling,470e36b8.wav,0,80999,Creative Commons 0
Cough,4790f36f.wav,0,148209,Creative Commons 0
Knock,47961d9f.wav,0,193836,Creative Commons 0
Knock,48288f8c.wav,0,120330,Attribution
Keys_jangling,4850a398.wav,1,17874,Attribution
Cough,4865ba98.wav,0,218411,Creative Commons 0
Knock,4868ac7c.wav,1,349298,Creative Commons 0
Knock,486f34a4.wav,0,191596,Creative Commons 0
Keys_jangling,488068c4.wav,0,34979,Creative Commons 0
Knock,49259032.wav,0,243786,Creative Commons 0
Keys_jangling,49a0c96f.wav,0,119728,Attribution
Knock,49e451e6.wav,0,190025,Attribution
Keys_jangling,49e5071e.wav,0,25309,Creative Commons 0
Finger_snapping,4a2165a7.wav,1,346805,Attribution
Laughter,4a70bad0.wav,0,252218,Creative Commons 0
Finger_snapping,4a789458.wav,0,177500,Attribution
Laughter,4a7ed000.wav,1,381275,Creative Commons 0
Knock,4a891aae.wav,0,193831,Creative Commons 0
Cough,4ab8ab15.wav,0,258256,Creative Commons 0
Laughter,4ada7042.wav,0,60799,Attribution
Cough,4adfa318.wav,1,253775,Creative Commons 0
Knock,4b8cb71c.wav,0,210535,Creative Commons 0
Finger_snapping,4bc0a640.wav,1,116796,Creative Commons 0
Laughter,4c1d875e.wav,0,60785,Attribution
Computer_keyboard,4c24339c.wav,1,346589,Creative Commons 0
Laughter,4c5c9793.wav,0,123985,Attribution
Cough,4c5e41ef.wav,0,146873,Creative Commons 0
Knock,4c9ecc5c.wav,1,174640,Creative Commons 0
Laughter,4ca2a9b4.wav,1,15288,Attribution
Finger_snapping,4ce399c2.wav,1,346812,Attribution
Keys_jangling,4cf5f73c.wav,0,241812,Creative Commons 0
Knock,4d08546b.wav,0,164566,Creative Commons 0
Knock,4d740ed8.wav,0,351144,Creative Commons 0
Knock,4df58619.wav,0,130138,Creative Commons 0
Finger_snapping,4df7f919.wav,0,346795,Attribution
Cough,4e8a6556.wav,1,151212,Creative Commons 0
Laughter,4e8c24e1.wav,1,365632,Creative Commons 0
Knock,4e91242e.wav,1,113138,Creative Commons 0
Finger_snapping,4eb1742d.wav,1,369598,Attribution
Computer_keyboard,4ed35e10.wav,1,154692,Creative Commons 0
Computer_keyboard,4f077f1b.wav,1,221398,Creative Commons 0
Finger_snapping,4f4999f9.wav,0,80742,Attribution
Laughter,4f4d865f.wav,0,42842,Attribution
Cough,4f600ce5.wav,0,211524,Attribution
Laughter,4f716ff6.wav,0,223525,Attribution
Keys_jangling,4fd997f5.wav,1,23532,Attribution
Knock,50114f75.wav,0,193833,Creative Commons 0
Laughter,503f2dfd.wav,0,260774,Creative Commons 0
Cough,504dd043.wav,0,208761,Creative Commons 0
Laughter,506d0b19.wav,1,274153,Creative Commons 0
Cough,50853a02.wav,0,87961,Creative Commons 0
Finger_snapping,50bd36cb.wav,1,346806,Attribution
Cough,50d9edd6.wav,0,87796,Creative Commons 0
Computer_keyboard,5166ee5a.wav,1,181264,Creative Commons 0
Cough,51994034.wav,0,87512,Attribution
Knock,51edf8ee.wav,0,193864,Creative Commons 0
Knock,51fc52e6.wav,0,211503,Attribution
Computer_keyboard,529ca3b3.wav,1,52051,Creative Commons 0
Laughter,52e5b888.wav,0,98385,Attribution
Cough,5323a054.wav,0,155650,Creative Commons 0
Cough,5361e01a.wav,0,19113,Attribution
Keys_jangling,53b13ce5.wav,0,43707,Attribution
Knock,53bce2b7.wav,1,171973,Attribution
Cough,540226e3.wav,1,351161,Creative Commons 0
Knock,542855bb.wav,0,53269,Attribution
Laughter,543e2e44.wav,1,241492,Creative Commons 0
Computer_keyboard,544b7abd.wav,0,379076,Creative Commons 0
Computer_keyboard,548f4a64.wav,0,215745,Creative Commons 0
Computer_keyboard,54c69259.wav,1,233057,Creative Commons 0
Keys_jangling,5503e01b.wav,1,156183,Creative Commons 0
Knock,55783841.wav,0,26188,Attribution
Knock,5638382e.wav,0,209223,Creative Commons 0
Cough,567ac6d1.wav,0,343912,Creative Commons 0
Laughter,5683f1b4.wav,0,72836,Attribution
Laughter,56aacb80.wav,0,294425,Attribution
Cough,56db9231.wav,0,254467,Attribution
Computer_keyboard,56ebef58.wav,1,233020,Attribution
Knock,56f6f5a1.wav,1,193873,Creative Commons 0
Laughter,5709ee5e.wav,0,361400,Creative Commons 0
Knock,571f47da.wav,0,193862,Creative Commons 0
Finger_snapping,575c17a1.wav,1,155799,Creative Commons 0
Knock,5786e5ed.wav,0,370899,Attribution
Knock,581afa20.wav,1,218980,Attribution
Laughter,585462e1.wav,0,236982,Attribution
Computer_keyboard,586cbe20.wav,1,26479,Creative Commons 0
Cough,589b7cbe.wav,0,180042,Attribution
Laughter,58ce33ad.wav,1,351170,Creative Commons 0
Cough,58cec63d.wav,0,87797,Creative Commons 0
Cough,59107829.wav,0,109640,Attribution
Cough,591a127b.wav,1,155904,Creative Commons 0
Cough,59317e02.wav,0,189786,Creative Commons 0
Knock,595a7854.wav,1,34260,Attribution
Laughter,595c7b54.wav,0,9560,Attribution
Keys_jangling,5967f16c.wav,1,51446,Creative Commons 0
Knock,59986c41.wav,0,277488,Attribution
Cough,5a1456d5.wav,0,251489,Attribution
Laughter,5a2ecd2d.wav,0,170331,Attribution
Cough,5a7c8da8.wav,0,55616,Attribution
Cough,5abc2cd1.wav,0,63752,Attribution
Keys_jangling,5c34af23.wav,1,331719,Creative Commons 0
Cough,5cc2be86.wav,0,381371,Creative Commons 0
Cough,5cd6e4e1.wav,1,326096,Creative Commons 0
Computer_keyboard,5cddb6d3.wav,0,344220,Creative Commons 0
Knock,5cde1aa6.wav,0,349309,Creative Commons 0
Knock,5cec2378.wav,0,347585,Creative Commons 0
Cough,5cf8c92f.wav,1,149042,Attribution
Keys_jangling,5d3ae8e3.wav,0,250378,Attribution
Knock,5d53fe7b.wav,0,193841,Creative Commons 0
Keys_jangling,5d72f4ed.wav,1,267711,Creative Commons 0
Finger_snapping,5ed0b693.wav,1,364721,Creative Commons 0
Finger_snapping,5f011d45.wav,1,52224,Attribution
Cough,5f20684f.wav,1,84695,Attribution
Computer_keyboard,5f383659.wav,0,215744,Creative Commons 0
Knock,5f63bbad.wav,0,144946,Creative Commons 0
Cough,5f934315.wav,1,323696,Creative Commons 0
Keys_jangling,5fc120cc.wav,0,347365,Creative Commons 0
Cough,5fc54ba5.wav,0,77157,Attribution
Knock,5fd95b59.wav,0,190024,Attribution
Laughter,5fed8602.wav,0,170623,Attribution
Laughter,600dc6d1.wav,0,172711,Creative Commons 0
Finger_snapping,6032d510.wav,1,342409,Creative Commons 0
Cough,604e28b1.wav,1,383783,Creative Commons 0
Finger_snapping,604f23cd.wav,0,346788,Attribution
Cough,60e178b0.wav,1,323694,Creative Commons 0
Finger_snapping,611c548e.wav,1,346798,Attribution
Knock,6123a18d.wav,0,193872,Creative Commons 0
Knock,61461f89.wav,1,241646,Attribution
Knock,6159836f.wav,0,148950,Creative Commons 0
Knock,61730894.wav,0,197979,Attribution
Laughter,6191b717.wav,0,50176,Creative Commons 0
Knock,61c168ff.wav,0,76813,Attribution
Computer_keyboard,61c7235b.wav,1,137,Attribution
Finger_snapping,61f83028.wav,1,235276,Creative Commons 0
Keys_jangling,622c09a0.wav,0,114188,Attribution
Laughter,626f8d25.wav,0,238819,Creative Commons 0
Computer_keyboard,62992353.wav,1,155568,Creative Commons 0
Finger_snapping,62a95b92.wav,1,361744,Creative Commons 0
Laughter,63309041.wav,1,65802,Attribution
Computer_keyboard,639573a0.wav,1,223101,Creative Commons 0
Keys_jangling,63b95f33.wav,0,85455,Attribution
Finger_snapping,641b0096.wav,0,176559,Attribution
Cough,644aaa95.wav,0,154434,Creative Commons 0
Laughter,64618683.wav,1,345519,Creative Commons 0
Finger_snapping,647aac41.wav,1,332603,Creative Commons 0
Laughter,649c7632.wav,0,265544,Attribution
Computer_keyboard,64a5a10a.wav,0,152956,Creative Commons 0
Laughter,64c34adb.wav,0,30280,Attribution
Cough,65b8dac7.wav,0,369905,Attribution
Knock,6657fa9a.wav,0,361116,Creative Commons 0
Computer_keyboard,66824303.wav,0,219370,Creative Commons 0
Cough,66bb1172.wav,0,143119,Creative Commons 0
Laughter,670a1d0b.wav,0,19165,Attribution
Laughter,674fed1f.wav,0,63811,Attribution
Keys_jangling,67e4e043.wav,0,367066,Creative Commons 0
Laughter,68a5d0d1.wav,0,36938,Creative Commons 0
Keys_jangling,68ca0f14.wav,1,30545,Creative Commons 0
Cough,69175165.wav,1,331068,Attribution
Finger_snapping,691c7f02.wav,1,346789,Attribution
Laughter,69243c5c.wav,1,178560,Creative Commons 0
Laughter,697f33c6.wav,0,209736,Attribution
Knock,69e3e709.wav,0,113129,Creative Commons 0
Knock,69fd8eac.wav,0,144949,Creative Commons 0
Laughter,6a0f3e43.wav,1,367493,Creative Commons 0
Laughter,6a1b4c44.wav,1,253528,Attribution
Keys_jangling,6a34c975.wav,0,156186,Creative Commons 0
Keys_jangling,6a63cd35.wav,0,9182,Attribution
Knock,6aa12aa0.wav,0,345474,Attribution
Keys_jangling,6aac58ab.wav,1,30544,Creative Commons 0
Laughter,6af97eab.wav,0,105419,Attribution
Knock,6affd3c0.wav,1,193829,Creative Commons 0
Computer_keyboard,6b33850f.wav,0,192069,Creative Commons 0
Cough,6bc128c5.wav,1,259513,Creative Commons 0
Cough,6bfef780.wav,0,151213,Creative Commons 0
Knock,6c505bc8.wav,0,193850,Creative Commons 0
Laughter,6c6ca429.wav,1,335581,Creative Commons 0
Knock,6cd42ef4.wav,1,83241,Creative Commons 0
Computer_keyboard,6cf01b03.wav,0,201739,Creative Commons 0
Knock,6d01bc2c.wav,1,154378,Creative Commons 0
Knock,6d52f8c1.wav,0,26781,Creative Commons 0
Cough,6d5abee4.wav,0,252231,Creative Commons 0
Keys_jangling,6d717c18.wav,1,51443,Creative Commons 0
Laughter,6d9e7052.wav,0,32284,Creative Commons 0
Cough,6ddfdcfd.wav,0,109638,Attribution
Laughter,6de58fec.wav,0,257923,Attribution
Laughter,6e028fd5.wav,0,146942,Attribution
Knock,6e78745c.wav,0,329515,Creative Commons 0
Laughter,6e7ff407.wav,0,9548,Attribution
Keys_jangling,6e863d5c.wav,1,188253,Creative Commons 0
Laughter,6e904024.wav,0,259625,Attribution
Laughter,6eebda32.wav,0,218172,Creative Commons 0
Cough,6efdf654.wav,0,180037,Attribution
Cough,6f3038f1.wav,0,41325,Attribution
Cough,6f37f0d4.wav,1,41387,Attribution
Knock,6f44f1b8.wav,0,211450,Creative Commons 0
Keys_jangling,6f96bccc.wav,0,213724,Creative Commons 0
Computer_keyboard,6fc9c9d5.wav,0,155910,Creative Commons 0
Finger_snapping,6fda26fc.wav,1,361748,Creative Commons 0
Computer_keyboard,6ff3911e.wav,0,152887,Creative Commons 0
Computer_keyboard,6ffb293d.wav,0,186147,Creative Commons 0
Knock,707761a4.wav,0,349305,Creative Commons 0
Laughter,708c28cd.wav,0,151223,Creative Commons 0
Computer_keyboard,7099edab.wav,0,345940,Creative Commons 0
Cough,70a563c3.wav,0,82717,Attribution
Knock,70a8869f.wav,1,265968,Attribution
Finger_snapping,70c8917f.wav,0,221942,Attribution
Keys_jangling,70f8a784.wav,1,336202,Creative Commons 0
Keys_jangling,71306d72.wav,0,118078,Creative Commons 0
Cough,713da8e9.wav,0,331067,Attribution
Finger_snapping,715b902f.wav,0,236798,Attribution
Computer_keyboard,715f247f.wav,0,62594,Creative Commons 0
Computer_keyboard,71880131.wav,0,233232,Attribution
Cough,71f2b82b.wav,0,90073,Creative Commons 0
Cough,71fbfed6.wav,1,346489,Attribution
Keys_jangling,72761275.wav,1,383765,Creative Commons 0
Computer_keyboard,727cc413.wav,1,339347,Attribution
Knock,727f6a7f.wav,1,349289,Creative Commons 0
Cough,72dd13f1.wav,1,331063,Attribution
Keys_jangling,72ef8755.wav,1,156188,Creative Commons 0
Laughter,72f54816.wav,0,86991,Creative Commons 0
Cough,73608822.wav,1,19120,Attribution
Cough,7366bd51.wav,0,323532,Creative Commons 0
Computer_keyboard,737b7050.wav,1,328941,Creative Commons 0
Laughter,738d5a2b.wav,0,211566,Attribution
Cough,73a8474b.wav,0,155603,Attribution
Cough,743c4871.wav,0,93031,Creative Commons 0
Laughter,7445a065.wav,0,60798,Attribution
Knock,744f0497.wav,1,114041,Attribution
Keys_jangling,74de8588.wav,1,220942,Attribution
Laughter,752c7638.wav,0,19156,Attribution
Cough,75498e93.wav,1,19112,Attribution
Laughter,754be109.wav,1,8157,Attribution
Computer_keyboard,756c0e90.wav,1,155571,Creative Commons 0
Keys_jangling,756f3b73.wav,1,51444,Creative Commons 0
Laughter,76bd2f27.wav,1,277449,Attribution
Cough,76c23da7.wav,0,65184,Creative Commons 0
Keys_jangling,76d09788.wav,1,51442,Creative Commons 0
Cough,76e31fe2.wav,0,381372,Creative Commons 0
Keys_jangling,774df478.wav,0,50912,Creative Commons 0
Laughter,77d93f2b.wav,0,30045,Attribution
Computer_keyboard,78257899.wav,1,144105,Attribution
Keys_jangling,7844453d.wav,0,216129,Attribution
Laughter,7859a49a.wav,0,529,Creative Commons 0
Laughter,786e02d0.wav,0,9562,Attribution
Cough,788f5993.wav,0,25301,Creative Commons 0
Finger_snapping,78b8ab2e.wav,0,361765,Creative Commons 0
Laughter,78e952a2.wav,1,344021,Creative Commons 0
Cough,78f34b3a.wav,1,325569,Creative Commons 0
Finger_snapping,7941ec33.wav,0,325266,Creative Commons 0
Finger_snapping,7975c296.wav,0,275103,Creative Commons 0
Cough,798d6d5e.wav,1,331059,Attribution
Cough,79a8dbcc.wav,0,205012,Creative Commons 0
Cough,79b29f52.wav,0,176537,Creative Commons 0
Finger_snapping,79be82bb.wav,0,105382,Attribution
Laughter,79d44891.wav,0,216051,Creative Commons 0
Cough,79faa0c4.wav,0,157835,Creative Commons 0
Keys_jangling,79fdfdb8.wav,0,98944,Attribution
Finger_snapping,7a002442.wav,1,364724,Creative Commons 0
Computer_keyboard,7a61b4f2.wav,1,152586,Creative Commons 0
Laughter,7a6e15bd.wav,0,166438,Attribution
Knock,7a9976ef.wav,0,144222,Attribution
Finger_snapping,7aa00d54.wav,0,176435,Attribution
Knock,7ad6dfec.wav,0,188878,Attribution
Knock,7b6f0648.wav,0,277490,Attribution
Laughter,7b859d4e.wav,0,353550,Creative Commons 0
Laughter,7b9a02a0.wav,0,235165,Creative Commons 0
Computer_keyboard,7bb60688.wav,1,269713,Creative Commons 0
Laughter,7c335009.wav,0,160964,Creative Commons 0
Knock,7c402b12.wav,0,88240,Creative Commons 0
Knock,7c5c7267.wav,0,113125,Creative Commons 0
Laughter,7cd52ca6.wav,0,171442,Attribution
Keys_jangling,7cf2c161.wav,1,336196,Creative Commons 0
Knock,7cf2f996.wav,0,268500,Creative Commons 0
Keys_jangling,7d13cc12.wav,1,51439,Creative Commons 0
Knock,7d247397.wav,1,164568,Creative Commons 0
Knock,7d264d04.wav,0,367129,Attribution
Keys_jangling,7d639c49.wav,0,157916,Creative Commons 0
Computer_keyboard,7e60cedc.wav,0,339348,Creative Commons 0
Laughter,7eb29109.wav,0,257924,Attribution
Computer_keyboard,7f268b2d.wav,0,256290,Attribution
Cough,7f4c86b4.wav,0,210431,Attribution
Laughter,7f60f335.wav,1,4238,Attribution
Cough,7f80d12f.wav,0,213856,Attribution
Knock,7f8b3192.wav,0,334988,Creative Commons 0
Knock,808f7ab9.wav,1,103998,Creative Commons 0
Cough,80c11722.wav,1,45578,Attribution
Laughter,80df55dc.wav,0,237984,Creative Commons 0
Computer_keyboard,80ee3cc7.wav,1,335020,Attribution
Knock,80f1c762.wav,1,342552,Creative Commons 0
Knock,80f5c04c.wav,1,193827,Creative Commons 0
Laughter,813817a5.wav,0,152728,Creative Commons 0
Knock,813bc785.wav,0,186517,Creative Commons 0
Knock,8186d966.wav,0,85087,Creative Commons 0
Cough,819f0f9d.wav,0,41386,Attribution
Laughter,81a8919b.wav,1,278107,Creative Commons 0
Cough,81d6c294.wav,0,41385,Attribution
Cough,81f0b550.wav,0,85292,Attribution
Knock,81f64557.wav,1,257222,Attribution
Knock,8260494e.wav,0,151179,Creative Commons 0
Cough,827d48f9.wav,0,319363,Creative Commons 0
Cough,828b5e00.wav,0,145364,Creative Commons 0
Knock,82ce8f1a.wav,0,12884,Attribution
Finger_snapping,82ee1adc.wav,0,346803,Attribution
Computer_keyboard,82eec9f2.wav,0,144120,Attribution
Computer_keyboard,833284de.wav,1,188233,Creative Commons 0
Knock,834b44c2.wav,0,233795,Creative Commons 0
Laughter,8393f945.wav,0,110162,Attribution
Cough,83990ed1.wav,0,17167,Attribution
Knock,83c2f33a.wav,0,256606,Creative Commons 0
Knock,8473a4d6.wav,0,152594,Attribution
Knock,85400833.wav,0,277485,Attribution
Laughter,85558d98.wav,0,120762,Attribution
Keys_jangling,856c065c.wav,0,219563,Attribution
Finger_snapping,856e5b54.wav,0,257922,Attribution
Laughter,858c074f.wav,0,21626,Attribution
Cough,85b224b5.wav,0,31748,Attribution
Knock,86392626.wav,1,193834,Creative Commons 0
Laughter,868622f3.wav,0,337164,Creative Commons 0
Computer_keyboard,86a9ffb6.wav,0,216005,Creative Commons 0
Keys_jangling,86e9e5a2.wav,1,156184,Creative Commons 0
Laughter,86fac849.wav,1,169805,Attribution
Laughter,8755f4f5.wav,0,223851,Creative Commons 0
Laughter,8767dfe3.wav,0,19162,Attribution
Knock,877cf83e.wav,1,349296,Creative Commons 0
Knock,882d631c.wav,0,193845,Creative Commons 0
Knock,88482f9c.wav,0,349302,Creative Commons 0
Computer_keyboard,8865cc0e.wav,0,62458,Creative Commons 0
Keys_jangling,88dbcd44.wav,1,274819,Attribution
Laughter,88e792b8.wav,1,166052,Attribution
Laughter,88e99f1c.wav,0,72844,Attribution
Laughter,8952eee3.wav,0,119459,Creative Commons 0
Computer_keyboard,896797e3.wav,1,174433,Attribution
Cough,89affc19.wav,0,19119,Attribution
Laughter,89e543b0.wav,0,254868,Attribution
Laughter,8a11b736.wav,0,118487,Creative Commons 0
Finger_snapping,8a8a9e60.wav,1,361768,Creative Commons 0
Finger_snapping,8ad0ed99.wav,1,346793,Attribution
Finger_snapping,8b49f457.wav,0,50758,Creative Commons 0
Laughter,8b5798fc.wav,0,190894,Creative Commons 0
Cough,8b76e49d.wav,0,45574,Attribution
Knock,8b774232.wav,0,113127,Creative Commons 0
Knock,8bace939.wav,0,114254,Creative Commons 0
Keys_jangling,8bc9a0b0.wav,0,232918,Creative Commons 0
Cough,8bd43789.wav,0,77459,Attribution
Finger_snapping,8bff2f37.wav,0,346796,Attribution
Computer_keyboard,8c0e42bb.wav,1,329776,Attribution
Laughter,8c4c25d9.wav,1,119450,Creative Commons 0
Knock,8c4d172c.wav,0,218989,Attribution
Knock,8c70ed9b.wav,0,369706,Creative Commons 0
Finger_snapping,8c955bf1.wav,1,86661,Attribution
Knock,8d915840.wav,0,210301,Creative Commons 0
Keys_jangling,8dccb289.wav,1,334,Attribution
Knock,8e02faf0.wav,0,12889,Attribution
Computer_keyboard,8e30295e.wav,0,348240,Creative Commons 0
Knock,8e4222a4.wav,0,154463,Creative Commons 0
Knock,8e9d1edf.wav,1,364680,Attribution
Computer_keyboard,8eae7d07.wav,1,84883,Attribution
Cough,8f19ac6d.wav,0,196719,Creative Commons 0
Knock,8f9ebf7b.wav,1,188883,Attribution
Cough,8ffbd5ae.wav,0,23093,Attribution
Keys_jangling,909a890d.wav,0,190133,Attribution
Knock,9155f4ee.wav,0,66397,Creative Commons 0
Knock,916a1e9e.wav,0,218984,Attribution
Computer_keyboard,916f2fba.wav,0,365490,Creative Commons 0
Laughter,917940e7.wav,1,242904,Creative Commons 0
Computer_keyboard,91809693.wav,0,268968,Attribution
Laughter,9208fc8a.wav,0,9550,Attribution
Cough,92274098.wav,0,252242,Creative Commons 0
Laughter,9242007f.wav,1,319766,Creative Commons 0
Laughter,92c1d241.wav,1,46966,Attribution
Keys_jangling,92d6bb08.wav,1,336195,Creative Commons 0
Keys_jangling,92ed10c3.wav,1,138043,Creative Commons 0
Knock,93009632.wav,0,266915,Creative Commons 0
Keys_jangling,930742b0.wav,1,156187,Creative Commons 0
Laughter,93471679.wav,0,60157,Attribution
Cough,938dc23d.wav,0,262459,Creative Commons 0
Laughter,93a6ff48.wav,0,138112,Creative Commons 0
Cough,94583f41.wav,0,369297,Creative Commons 0
Knock,9494e46f.wav,1,148951,Creative Commons 0
Cough,94c63e80.wav,0,323697,Creative Commons 0
Keys_jangling,94f7e531.wav,1,274817,Attribution
Laughter,952530cd.wav,0,191898,Creative Commons 0
Knock,952b79a6.wav,1,265044,Creative Commons 0
Cough,9538d345.wav,0,154443,Creative Commons 0
Finger_snapping,958d7d6a.wav,0,257915,Attribution
Laughter,95a241e8.wav,0,100426,Creative Commons 0
Cough,95bd02b1.wav,0,348134,Creative Commons 0
Laughter,95bdca45.wav,0,157291,Creative Commons 0
Cough,95d26d9c.wav,0,365476,Creative Commons 0
Knock,96902014.wav,0,217390,Creative Commons 0
Knock,9699feeb.wav,0,342549,Creative Commons 0
Keys_jangling,96a05522.wav,1,156180,Creative Commons 0
Knock,96bcfc71.wav,0,193865,Creative Commons 0
Laughter,96df59a4.wav,1,238638,Creative Commons 0
Cough,96e65c33.wav,0,213047,Attribution
Knock,9760d7b1.wav,1,193863,Creative Commons 0
Knock,977b44f9.wav,0,370913,Attribution
Laughter,98155566.wav,0,135387,Creative Commons 0
Knock,9836ea79.wav,1,113139,Creative Commons 0
Cough,9863b59b.wav,0,152367,Creative Commons 0
Computer_keyboard,9883561e.wav,0,152702,Creative Commons 0
Knock,991c3b79.wav,1,114042,Attribution
Laughter,9988cb57.wav,1,132746,Attribution
Keys_jangling,99cffa38.wav,0,216130,Attribution
Cough,99db2c7e.wav,0,148212,Creative Commons 0
Laughter,99ef0ba9.wav,0,238639,Creative Commons 0
Cough,9a332642.wav,1,323511,Creative Commons 0
Knock,9a3f54d2.wav,1,193846,Creative Commons 0
Cough,9a76ee63.wav,1,157296,Creative Commons 0
Laughter,9b1ede13.wav,1,166140,Creative Commons 0
Knock,9b2be3af.wav,0,144220,Attribution
Cough,9b3cfa23.wav,1,256567,Attribution
Cough,9b5e1c20.wav,0,180044,Attribution
Knock,9b651a88.wav,0,193851,Creative Commons 0
Knock,9bcdba3b.wav,0,142350,Creative Commons 0
Keys_jangling,9beefea5.wav,0,324328,Attribution
Cough,9cc14c5f.wav,1,331064,Attribution
Laughter,9cf0cf51.wav,0,152997,Attribution
Laughter,9cf3b168.wav,0,72846,Attribution
Cough,9d4e4025.wav,1,170960,Attribution
Computer_keyboard,9d5784e8.wav,1,155569,Creative Commons 0
Keys_jangling,9d5cbd33.wav,1,336199,Creative Commons 0
Knock,9d85dc18.wav,0,182024,Attribution
Laughter,9d868658.wav,1,219778,Creative Commons 0
Computer_keyboard,9d9735fd.wav,0,368794,Creative Commons 0
Finger_snapping,9db39571.wav,1,348509,Creative Commons 0
Laughter,9deab5af.wav,0,371342,Creative Commons 0
Keys_jangling,9eaf6998.wav,0,192057,Attribution
Knock,9eef5102.wav,0,378742,Attribution
Laughter,9f0e3750.wav,1,342838,Creative Commons 0
Cough,9f333871.wav,0,45925,Attribution
Laughter,9f436c6d.wav,0,9558,Attribution
Computer_keyboard,9f534065.wav,1,368097,Creative Commons 0
Cough,9f6dae21.wav,1,324769,Attribution
Finger_snapping,9f6f7210.wav,0,80739,Attribution
Finger_snapping,9f7b3540.wav,0,109400,Creative Commons 0
Keys_jangling,a007b3ad.wav,1,336201,Creative Commons 0
Laughter,a0729ab0.wav,0,322459,Attribution
Cough,a0d7b9cc.wav,0,84690,Attribution
Laughter,a1173189.wav,0,253524,Attribution
Finger_snapping,a142729e.wav,1,346811,Attribution
Cough,a1751510.wav,1,252219,Creative Commons 0
Keys_jangling,a1a68f8d.wav,1,156181,Creative Commons 0
Finger_snapping,a1b37ef8.wav,0,263048,Creative Commons 0
Knock,a1c0960e.wav,0,34263,Attribution
Knock,a1c64fe3.wav,0,254981,Creative Commons 0
Cough,a1de2e46.wav,0,317439,Creative Commons 0
Keys_jangling,a21f035a.wav,1,336204,Creative Commons 0
Cough,a2575c2a.wav,1,219768,Creative Commons 0
Knock,a3116a1b.wav,1,193838,Creative Commons 0
Knock,a313a13b.wav,0,133851,Creative Commons 0
Knock,a342889a.wav,0,169579,Attribution
Keys_jangling,a3567996.wav,1,195072,Attribution
Cough,a37e6f07.wav,1,323698,Creative Commons 0
Cough,a39df250.wav,0,195771,Attribution
Keys_jangling,a3a07045.wav,0,336659,Creative Commons 0
Knock,a3b00071.wav,0,193830,Creative Commons 0
Laughter,a3b70491.wav,0,218308,Creative Commons 0
Keys_jangling,a3b96c0e.wav,0,137411,Creative Commons 0
Keys_jangling,a3cd0979.wav,0,73090,Attribution
Finger_snapping,a3d2df4c.wav,1,361751,Creative Commons 0
Laughter,a3f07a73.wav,0,213608,Attribution
Cough,a3f5c0a8.wav,0,19118,Attribution
Laughter,a4252c0a.wav,0,263967,Creative Commons 0
Knock,a4757637.wav,0,81001,Creative Commons 0
Finger_snapping,a4b8ca75.wav,1,235675,Attribution
Laughter,a4da36e1.wav,0,361470,Creative Commons 0
Computer_keyboard,a4f2be4f.wav,1,360666,Creative Commons 0
Cough,a5447a9a.wav,0,151217,Creative Commons 0
Cough,a591054c.wav,1,180045,Attribution
Laughter,a5a1cee2.wav,0,205751,Creative Commons 0
Laughter,a5bbd485.wav,0,347912,Creative Commons 0
Laughter,a60a1df6.wav,0,170332,Attribution
Cough,a614fce9.wav,0,323700,Creative Commons 0
Knock,a624984d.wav,0,77165,Creative Commons 0
Keys_jangling,a6f0d768.wav,0,240687,Creative Commons 0
Cough,a70a5165.wav,0,87799,Creative Commons 0
Knock,a75ef2e9.wav,0,52290,Creative Commons 0
Computer_keyboard,a77eb36f.wav,0,260951,Creative Commons 0
Finger_snapping,a788588b.wav,1,370814,Creative Commons 0
Laughter,a7a03d8b.wav,0,203230,Creative Commons 0
Finger_snapping,a8066ad1.wav,1,364731,Creative Commons 0
Keys_jangling,a88419f1.wav,0,125385,Creative Commons 0
Laughter,a8854397.wav,0,324894,Creative Commons 0
Cough,a8a55a60.wav,0,334154,Attribution
Knock,a94d7cdc.wav,0,241651,Attribution
Computer_keyboard,a9bd898d.wav,0,31488,Creative Commons 0
Cough,a9cd37c0.wav,0,87513,Attribution
Computer_keyboard,a9f11d74.wav,0,174434,Attribution
Keys_jangling,a9f2c5a8.wav,1,135636,Attribution
Knock,aa269364.wav,0,193826,Creative Commons 0
Computer_keyboard,aa3a11a4.wav,1,267302,Attribution
Finger_snapping,aa3c8d3f.wav,1,361767,Creative Commons 0
Knock,aa8099dd.wav,0,152614,Creative Commons 0
Laughter,aa813cb9.wav,1,382998,Creative Commons 0
Knock,aa82657e.wav,1,218987,Attribution
Keys_jangling,aaafd35a.wav,0,125535,Creative Commons 0
Laughter,aacbd637.wav,1,47373,Attribution
Knock,aaff9b4f.wav,0,190023,Attribution
Computer_keyboard,ab3e0bf2.wav,1,329052,Attribution
Laughter,ab48f302.wav,0,315828,Creative Commons 0
Knock,abda19d9.wav,1,194365,Creative Commons 0
Finger_snapping,ac319796.wav,1,364718,Creative Commons 0
Keys_jangling,ac33d962.wav,1,9181,Attribution
Keys_jangling,ac63f54d.wav,0,44195,Creative Commons 0
Knock,acc31ab9.wav,0,257217,Attribution
Laughter,acde93b5.wav,0,161194,Creative Commons 0
Cough,ad4e15d3.wav,1,323695,Creative Commons 0
Cough,ad5dc3ef.wav,0,368380,Creative Commons 0
Computer_keyboard,ad9c9701.wav,1,367177,Attribution
Finger_snapping,adaada0f.wav,1,346807,Attribution
Keys_jangling,aed229aa.wav,1,349349,Attribution
Cough,aeef4dcd.wav,1,19115,Attribution
Laughter,af525d74.wav,1,47371,Attribution
Laughter,afd24fef.wav,0,253534,Attribution
Knock,aff53600.wav,0,94773,Creative Commons 0
Knock,b021b8f1.wav,1,193839,Creative Commons 0
Cough,b032262f.wav,0,120213,Attribution
Laughter,b04f0f8a.wav,1,150329,Attribution
Cough,b0fba6dc.wav,0,177835,Attribution
Cough,b114fb4f.wav,0,157293,Creative Commons 0
Keys_jangling,b15db778.wav,1,166007,Creative Commons 0
Knock,b1931977.wav,0,353035,Attribution
Knock,b1a843d3.wav,0,380706,Creative Commons 0
Computer_keyboard,b1c70a0c.wav,1,155572,Creative Commons 0
Keys_jangling,b1e56287.wav,0,182713,Creative Commons 0
Computer_keyboard,b22ea7c6.wav,1,233233,Attribution
Finger_snapping,b2c75333.wav,0,364720,Creative Commons 0
Cough,b2c9df27.wav,0,350373,Creative Commons 0
Keys_jangling,b307c487.wav,0,62459,Creative Commons 0
Finger_snapping,b30bf66d.wav,1,361752,Creative Commons 0
Knock,b31387ca.wav,0,208317,Creative Commons 0
Knock,b340e4a2.wav,0,211499,Attribution
Knock,b35ec39e.wav,1,164567,Creative Commons 0
Finger_snapping,b386cc78.wav,0,177505,Attribution
Knock,b3ac05e6.wav,0,32298,Attribution
Cough,b3b542e9.wav,0,148205,Creative Commons 0
Cough,b3ce4edb.wav,0,346490,Attribution
Laughter,b3d33a56.wav,0,30044,Attribution
Knock,b3f75e89.wav,0,277487,Attribution
Finger_snapping,b4029ee8.wav,1,325262,Creative Commons 0
Computer_keyboard,b51a5a03.wav,1,332000,Creative Commons 0
Keys_jangling,b5297ed1.wav,0,118187,Attribution
Laughter,b53cd227.wav,0,219110,Attribution
Laughter,b55f29ee.wav,1,343868,Creative Commons 0
Laughter,b58b18ec.wav,1,344066,Creative Commons 0
Laughter,b5ba6c8a.wav,0,380480,Attribution
Keys_jangling,b5ebeb4e.wav,0,234866,Creative Commons 0
Knock,b6013534.wav,0,190027,Attribution
Finger_snapping,b62aef21.wav,1,241879,Creative Commons 0
Computer_keyboard,b63eadcd.wav,0,120333,Attribution
Laughter,b6bb0f17.wav,0,252234,Creative Commons 0
Cough,b6d5c991.wav,1,331061,Attribution
Keys_jangling,b74807d2.wav,1,329049,Attribution
Knock,b77242b9.wav,0,365902,Attribution
Laughter,b7934365.wav,1,120760,Attribution
Cough,b7fab4b5.wav,1,19124,Attribution
Cough,b8ad1645.wav,0,19122,Attribution
Laughter,b90c2e7a.wav,0,55209,Attribution
Knock,b922298e.wav,0,76814,Attribution
Cough,b9521c38.wav,0,32169,Attribution
Laughter,b9f4ace3.wav,0,179924,Creative Commons 0
Laughter,ba1126dc.wav,0,42841,Attribution
Keys_jangling,ba1506ca.wav,0,237311,Creative Commons 0
Knock,ba1b81bd.wav,1,211501,Attribution
Laughter,ba58e2eb.wav,0,118486,Creative Commons 0
Computer_keyboard,ba7151cd.wav,1,157766,Creative Commons 0
Finger_snapping,ba71d31a.wav,1,361770,Creative Commons 0
Laughter,ba740bb0.wav,1,241520,Creative Commons 0
Knock,ba8deb96.wav,1,144951,Creative Commons 0
Computer_keyboard,ba94b55b.wav,0,326291,Creative Commons 0
Finger_snapping,badbd98d.wav,1,177501,Attribution
Cough,bb495a62.wav,0,169726,Creative Commons 0
Knock,bbd8d6a1.wav,1,274943,Attribution
Keys_jangling,bc121fd4.wav,1,175411,Creative Commons 0
Cough,bc6b3052.wav,1,323510,Creative Commons 0
Computer_keyboard,bc86b3c7.wav,0,52052,Creative Commons 0
Cough,bc87af32.wav,0,95531,Attribution
Laughter,bd0ccf17.wav,0,152852,Attribution
Finger_snapping,bd6663dc.wav,1,361755,Creative Commons 0
Knock,bde1a5f8.wav,1,190020,Attribution
Laughter,be4b329a.wav,0,161367,Attribution
Cough,be6ca096.wav,0,318080,Creative Commons 0
Laughter,be75288b.wav,1,182017,Creative Commons 0
Laughter,be7e8a65.wav,1,46962,Attribution
Laughter,be8920cb.wav,0,107123,Attribution
Cough,bea68b34.wav,0,252223,Creative Commons 0
Laughter,bedf02c7.wav,0,184599,Attribution
Laughter,bee83d50.wav,0,166150,Creative Commons 0
Computer_keyboard,beeb29b2.wav,1,23444,Attribution
Laughter,bf331561.wav,0,19260,Creative Commons 0
Laughter,bf3bd60f.wav,0,54924,Attribution
Laughter,bf7b5df3.wav,0,238641,Creative Commons 0
Knock,bf939cb3.wav,0,193868,Creative Commons 0
Cough,bfbfa1d3.wav,1,159456,Attribution
Laughter,bff620df.wav,1,377742,Creative Commons 0
Computer_keyboard,c015af58.wav,0,223317,Creative Commons 0
Finger_snapping,c03a3077.wav,1,177506,Attribution
Finger_snapping,c07962ee.wav,1,364727,Creative Commons 0
Computer_keyboard,c082b381.wav,0,257259,Creative Commons 0
Finger_snapping,c12051ba.wav,1,361759,Creative Commons 0
Laughter,c12af920.wav,0,145619,Attribution
Cough,c1c23b20.wav,0,180036,Attribution
Cough,c2138e33.wav,1,343905,Creative Commons 0
Knock,c27d2fc5.wav,1,218981,Attribution
Keys_jangling,c2aeb8a0.wav,1,51440,Creative Commons 0
Keys_jangling,c31a0cbd.wav,1,187269,Creative Commons 0
Laughter,c33a994b.wav,0,253531,Attribution
Laughter,c35b444d.wav,0,169317,Creative Commons 0
Laughter,c382db92.wav,0,167571,Creative Commons 0
Cough,c433a263.wav,0,257765,Attribution
Cough,c4564a2b.wav,0,87794,Creative Commons 0
Cough,c49355f7.wav,0,102539,Attribution
Laughter,c4bb507c.wav,0,9552,Attribution
Computer_keyboard,c4ed0653.wav,1,348238,Creative Commons 0
Computer_keyboard,c4ff751a.wav,0,91264,Creative Commons 0
Cough,c50afa17.wav,0,207829,Creative Commons 0
Cough,c51d5670.wav,1,334051,Attribution
Laughter,c5633969.wav,0,235167,Creative Commons 0
Cough,c5a6bb8a.wav,0,263935,Attribution
Finger_snapping,c5a9ac99.wav,1,177496,Attribution
Keys_jangling,c5aba2fc.wav,1,51445,Creative Commons 0
Laughter,c6082047.wav,0,204707,Attribution
Laughter,c631d4fa.wav,0,17146,Attribution
Knock,c6577a71.wav,0,365666,Attribution
Laughter,c7030073.wav,1,343895,Creative Commons 0
Knock,c71a719a.wav,0,349290,Creative Commons 0
Finger_snapping,c724bd21.wav,1,169619,Creative Commons 0
Computer_keyboard,c73df634.wav,0,379101,Creative Commons 0
Knock,c740ceda.wav,0,193843,Creative Commons 0
Laughter,c7823f25.wav,1,47370,Attribution
Laughter,c7969289.wav,0,127032,Creative Commons 0
Cough,c7b12dca.wav,0,178997,Attribution
Computer_keyboard,c80ecf6a.wav,0,185050,Creative Commons 0
Finger_snapping,c8802fa4.wav,1,346804,Attribution
Laughter,c8c0280a.wav,0,28209,Creative Commons 0
Laughter,c8ca25cc.wav,0,22422,Attribution
Knock,c8d682d9.wav,0,329516,Creative Commons 0
Cough,c8ef85c1.wav,0,196142,Attribution
Cough,c95e5234.wav,0,271654,Creative Commons 0
Cough,c99274ce.wav,0,262017,Attribution
Keys_jangling,c9c6a8ab.wav,0,118183,Attribution
Cough,c9cad980.wav,0,87511,Attribution
Cough,ca1cffc7.wav,1,154444,Creative Commons 0
Knock,ca415578.wav,1,148946,Creative Commons 0
Keys_jangling,ca75e9c3.wav,0,81000,Creative Commons 0
Finger_snapping,ca7c441f.wav,1,364729,Creative Commons 0
Knock,ca8f6790.wav,0,211496,Attribution
Laughter,caa629ea.wav,0,275652,Creative Commons 0
Laughter,cab2b1cb.wav,0,132818,Attribution
Cough,cab49319.wav,1,341086,Creative Commons 0
Laughter,cb011638.wav,0,15294,Attribution
Cough,cb5d5737.wav,1,252220,Creative Commons 0
Knock,cb65645f.wav,1,349244,Attribution
Knock,cbe59820.wav,1,349301,Creative Commons 0
Finger_snapping,cc01a92e.wav,1,368784,Creative Commons 0
Finger_snapping,cc243902.wav,0,189567,Creative Commons 0
Finger_snapping,cd360da2.wav,1,33835,Creative Commons 0
Computer_keyboard,cd3e20ec.wav,1,364116,Creative Commons 0
Finger_snapping,cd404498.wav,1,361766,Creative Commons 0
Finger_snapping,cd4f2689.wav,0,361756,Creative Commons 0
Laughter,cdb982ca.wav,0,161359,Attribution
Cough,cdc8f61d.wav,0,68034,Attribution
Keys_jangling,ce4ba0f9.wav,0,119858,Creative Commons 0
Finger_snapping,ceac5ae1.wav,0,80735,Attribution
Laughter,cf242525.wav,1,221798,Creative Commons 0
Cough,cf469143.wav,0,254466,Attribution
Knock,cfb4c434.wav,0,164570,Creative Commons 0
Computer_keyboard,cfccd445.wav,0,155570,Creative Commons 0
Knock,cfe45dd3.wav,0,360481,Creative Commons 0
Cough,d000e828.wav,1,326891,Attribution
Knock,d011c434.wav,1,211497,Attribution
Cough,d0141870.wav,1,336672,Creative Commons 0
Knock,d0160c41.wav,0,181923,Creative Commons 0
Cough,d01af3cd.wav,0,142603,Creative Commons 0
Laughter,d030ccde.wav,0,202096,Creative Commons 0
Knock,d039d135.wav,1,274814,Attribution
Laughter,d085e7da.wav,0,220835,Attribution
Laughter,d0a7e96a.wav,0,120759,Attribution
Keys_jangling,d0d932ad.wav,1,214988,Creative Commons 0
Laughter,d1055ae3.wav,1,132748,Attribution
Laughter,d10d9393.wav,1,343991,Creative Commons 0
Knock,d112acaa.wav,0,352673,Creative Commons 0
Computer_keyboard,d12898f1.wav,0,133657,Attribution
Computer_keyboard,d1c54441.wav,1,365487,Creative Commons 0
Laughter,d1d295bd.wav,1,140220,Attribution
Keys_jangling,d1d3f21e.wav,0,369321,Creative Commons 0
Laughter,d1e18645.wav,1,180298,Attribution
Knock,d1f09f31.wav,0,349287,Creative Commons 0
Finger_snapping,d252a893.wav,0,364732,Creative Commons 0
Laughter,d2b9dbe3.wav,1,110392,Attribution
Computer_keyboard,d2c6aa69.wav,1,330301,Creative Commons 0
Knock,d2d41b54.wav,1,349286,Creative Commons 0
Keys_jangling,d2d75dcb.wav,0,137252,Creative Commons 0
Keys_jangling,d352c571.wav,0,270270,Attribution
Keys_jangling,d3add79a.wav,1,68139,Creative Commons 0
Knock,d3ae5c4d.wav,1,182033,Attribution
Cough,d3bf9ace.wav,1,365158,Attribution
Knock,d3d8ab79.wav,0,217391,Creative Commons 0
Finger_snapping,d3dee3b9.wav,1,327917,Attribution
Cough,d433497c.wav,0,148310,Creative Commons 0
Knock,d49630b1.wav,0,28134,Attribution
Laughter,d4b2f920.wav,0,66253,Attribution
Knock,d4cd5981.wav,0,193871,Creative Commons 0
Keys_jangling,d58723aa.wav,0,379088,Creative Commons 0
Cough,d5c6c8bc.wav,1,149043,Attribution
Laughter,d60ea378.wav,1,241473,Creative Commons 0
Finger_snapping,d63f15f8.wav,1,361745,Creative Commons 0
Finger_snapping,d648bf8f.wav,1,364726,Creative Commons 0
Laughter,d6728aa4.wav,0,60804,Attribution
Computer_keyboard,d681e33e.wav,0,52237,Attribution
Cough,d6a90304.wav,0,87798,Creative Commons 0
Computer_keyboard,d6c04b7d.wav,1,329053,Attribution
Cough,d6f501d7.wav,1,19111,Attribution
Laughter,d773a9e6.wav,0,72842,Attribution
Keys_jangling,d774a3f3.wav,1,235594,Creative Commons 0
Laughter,d78762a7.wav,0,169801,Attribution
Laughter,d7f81ca5.wav,0,124022,Creative Commons 0
Laughter,d80e1c9e.wav,1,234950,Creative Commons 0
Knock,d82f8f87.wav,1,138323,Attribution
Laughter,d8470cab.wav,0,184618,Creative Commons 0
Laughter,d89150d5.wav,0,244526,Creative Commons 0
Laughter,d8dee93f.wav,1,85135,Attribution
Laughter,d920e1dc.wav,0,367494,Attribution
Laughter,d931fa78.wav,1,218185,Creative Commons 0
Laughter,d93c3a10.wav,1,60806,Attribution
Cough,d9a9ad06.wav,0,252241,Creative Commons 0
Laughter,d9e369bf.wav,0,30039,Attribution
Computer_keyboard,d9ece336.wav,1,14579,Attribution
Knock,da0373df.wav,0,383761,Creative Commons 0
Knock,da354910.wav,1,32296,Attribution
Knock,da38a108.wav,1,190026,Attribution
Finger_snapping,da4d4d5a.wav,1,364725,Creative Commons 0
Knock,da816a2f.wav,0,114039,Attribution
Laughter,da8665b5.wav,0,252018,Creative Commons 0
Cough,daedfdde.wav,1,369295,Creative Commons 0
Cough,db06541a.wav,0,47135,Attribution
Finger_snapping,db07b625.wav,0,367836,Creative Commons 0
Laughter,db70f608.wav,0,58650,Attribution
Laughter,dbc6d76e.wav,0,266004,Attribution Noncommercial
Laughter,dbe1946a.wav,1,273927,Attribution
Computer_keyboard,dc5fc5c5.wav,1,377138,Creative Commons 0
Knock,dcd892b1.wav,1,193860,Creative Commons 0
Laughter,dd845319.wav,0,192575,Attribution
Knock,ddca65f5.wav,0,232668,Attribution
Computer_keyboard,ddd71129.wav,0,233208,Creative Commons 0
Knock,de2fe184.wav,0,329018,Attribution
Knock,de8de828.wav,1,148947,Creative Commons 0
Laughter,deeacc1c.wav,0,257813,Attribution
Knock,df1d8082.wav,0,211498,Attribution
Laughter,df73bad7.wav,0,50917,Creative Commons 0
Laughter,dfb39975.wav,0,20688,Attribution
Cough,e0435db2.wav,1,45575,Attribution
Cough,e048451f.wav,1,343880,Creative Commons 0
Computer_keyboard,e0862ccc.wav,1,350360,Attribution
Laughter,e0d32883.wav,0,203231,Creative Commons 0
Knock,e1002ae9.wav,1,349294,Creative Commons 0
Cough,e158fd40.wav,0,180041,Attribution
Computer_keyboard,e2420b24.wav,0,77326,Attribution
Knock,e2631f57.wav,0,193867,Creative Commons 0
Cough,e2665d8d.wav,0,87795,Creative Commons 0
Laughter,e2bfc42d.wav,1,333394,Creative Commons 0
Laughter,e2d02712.wav,1,92390,Attribution
Knock,e2deee0c.wav,0,219668,Creative Commons 0
Laughter,e33328ed.wav,0,60782,Attribution
Knock,e3707760.wav,0,113135,Creative Commons 0
Laughter,e3dc8406.wav,0,351162,Creative Commons 0
Computer_keyboard,e45a3fed.wav,1,250390,Creative Commons 0
Cough,e47fbf73.wav,0,156558,Creative Commons 0
Finger_snapping,e512a233.wav,1,315839,Attribution
Laughter,e53a4c5d.wav,0,263708,Creative Commons 0
Laughter,e54a048a.wav,0,137203,Creative Commons 0
Finger_snapping,e54fbe33.wav,1,346797,Attribution
Computer_keyboard,e5a53448.wav,0,152976,Creative Commons 0
Laughter,e5b10b60.wav,1,19152,Attribution
Cough,e5e1fa30.wav,0,383781,Creative Commons 0
Knock,e5fced61.wav,0,371661,Attribution
Keys_jangling,e6949d46.wav,1,156185,Creative Commons 0
Cough,e70382cf.wav,0,17168,Attribution
Keys_jangling,e70f7c7c.wav,0,351297,Attribution
Knock,e71a5c26.wav,1,349293,Creative Commons 0
Knock,e760039f.wav,0,217388,Creative Commons 0
Cough,e76ddb8c.wav,0,360890,Creative Commons 0
Laughter,e7bbd7e7.wav,1,380101,Creative Commons 0
Finger_snapping,e7cd4355.wav,1,117648,Attribution
Laughter,e81a0e3d.wav,0,167578,Creative Commons 0
Cough,e81dd3c0.wav,0,348364,Creative Commons 0
Knock,e84e08a8.wav,0,182022,Attribution
Cough,e86dbad2.wav,0,102536,Attribution
Knock,e887fb05.wav,0,193857,Creative Commons 0
Finger_snapping,e8924446.wav,1,361762,Creative Commons 0
Cough,e92eb9cf.wav,1,30830,Attribution
Cough,e9e38c4c.wav,0,159455,Attribution
Laughter,eaae094b.wav,0,169826,Creative Commons 0
Computer_keyboard,ebcbdd41.wav,0,367078,Creative Commons 0
Knock,ec193a31.wav,1,193853,Creative Commons 0
Cough,ec48ca73.wav,0,331065,Attribution
Keys_jangling,ec6c5ac7.wav,0,218850,Creative Commons 0
Laughter,ec7c9d41.wav,0,42846,Attribution
Knock,ecba0d5b.wav,0,323481,Attribution
Keys_jangling,ed560261.wav,0,181160,Creative Commons 0
Knock,ed6377ba.wav,0,349297,Creative Commons 0
Knock,ed94d3ad.wav,1,349285,Creative Commons 0
Laughter,ee6731df.wav,0,93775,Creative Commons 0
Laughter,eeb6f911.wav,0,368385,Creative Commons 0
Computer_keyboard,eefee001.wav,0,175438,Creative Commons 0
Keys_jangling,ef417725.wav,1,51437,Creative Commons 0
Laughter,ef57bfce.wav,0,168812,Attribution
Laughter,ef73c29c.wav,0,106883,Attribution
Knock,efa6c176.wav,1,119833,Creative Commons 0
Knock,efb440b7.wav,0,209220,Creative Commons 0
Laughter,efe2372f.wav,1,204496,Attribution
Knock,efe7e065.wav,0,187284,Attribution
Knock,f00fcd65.wav,0,210536,Creative Commons 0
Knock,f0274fc5.wav,0,120331,Attribution
Cough,f08d2ce5.wav,0,353669,Creative Commons 0
Knock,f0c79f5e.wav,1,83479,Creative Commons 0
Finger_snapping,f1352a21.wav,0,257916,Attribution
Finger_snapping,f19f12a6.wav,1,361746,Creative Commons 0
Cough,f1df9083.wav,0,109639,Attribution
Laughter,f22b1915.wav,0,145469,Creative Commons 0
Cough,f23cc73e.wav,0,19123,Attribution
Keys_jangling,f27b0ad6.wav,0,80601,Attribution
Keys_jangling,f2a5615b.wav,1,51441,Creative Commons 0
Finger_snapping,f2dcffa1.wav,1,361764,Creative Commons 0
Keys_jangling,f2ed2975.wav,0,216571,Attribution
Laughter,f2f93dcf.wav,0,41141,Attribution
Cough,f3095fdd.wav,0,273602,Attribution
Laughter,f3149175.wav,0,219769,Creative Commons 0
Cough,f322771f.wav,1,331060,Attribution
Knock,f36f0a75.wav,1,148945,Creative Commons 0
Finger_snapping,f3a8c3be.wav,1,346791,Attribution
Cough,f41dcbd7.wav,1,257770,Attribution
Laughter,f43556ca.wav,0,337001,Attribution
Laughter,f4627f0b.wav,1,180296,Attribution
Laughter,f473c228.wav,0,152912,Attribution
Laughter,f4d458ec.wav,0,237985,Creative Commons 0
Finger_snapping,f50a3e03.wav,1,177503,Attribution
Cough,f5740c17.wav,1,334052,Attribution
Laughter,f5ba4a3f.wav,0,26729,Attribution
Knock,f5be89e1.wav,0,193847,Creative Commons 0
Knock,f5fe6b2e.wav,0,349303,Creative Commons 0
Knock,f61f0c65.wav,0,361636,Creative Commons 0
Keys_jangling,f6a64c20.wav,1,271661,Creative Commons 0
Knock,f6cd0ab7.wav,0,378740,Attribution
Cough,f6e5aca5.wav,0,159458,Attribution
Cough,f711abcc.wav,1,204604,Creative Commons 0
Cough,f72c8770.wav,0,343885,Creative Commons 0
Knock,f7335046.wav,0,144209,Attribution
Laughter,f73fdaf8.wav,0,182874,Creative Commons 0
Cough,f78b96bc.wav,0,51136,Creative Commons 0
Computer_keyboard,f79a22a1.wav,0,144106,Attribution
Cough,f7c0ebf8.wav,0,383782,Creative Commons 0
Laughter,f7ee6c93.wav,0,189278,Creative Commons 0
Knock,f841bbeb.wav,0,362633,Creative Commons 0
Cough,f8468ebd.wav,0,47134,Attribution
Keys_jangling,f8f50808.wav,1,127558,Creative Commons 0
Cough,f8ff37cb.wav,1,240373,Creative Commons 0
Laughter,f939856c.wav,1,166141,Creative Commons 0
Keys_jangling,f9adb074.wav,0,364707,Creative Commons 0
Laughter,f9c0004a.wav,1,343901,Creative Commons 0
Laughter,f9f26b10.wav,0,30042,Attribution
Keys_jangling,fa67cfe3.wav,0,102960,Creative Commons 0
Knock,fa842956.wav,0,349308,Creative Commons 0
Laughter,fb077772.wav,0,55082,Attribution
Cough,fb3fef41.wav,1,323692,Creative Commons 0
Knock,fba14686.wav,0,329924,Attribution
Cough,fbdc46c5.wav,0,85208,Attribution
Laughter,fc135cc9.wav,0,267639,Creative Commons 0
Cough,fc55d69a.wav,0,267055,Attribution
Computer_keyboard,fc950d92.wav,0,235235,Creative Commons 0
Finger_snapping,fd2df3ec.wav,1,272114,Creative Commons 0
Laughter,fd3870bb.wav,1,132805,Attribution
Cough,fd8121bc.wav,0,95530,Attribution
Laughter,fe288eee.wav,0,348142,Creative Commons 0
Computer_keyboard,feadb031.wav,0,91263,Creative Commons 0
Cough,feb79886.wav,0,148207,Creative Commons 0
Knock,feea7b08.wav,0,349245,Attribution
Laughter,ff71bf59.wav,0,237418,Creative Commons 0
Keys_jangling,ff7e6638.wav,0,9231,Attribution
Finger_snapping,ff95ac47.wav,1,177494,Attribution
Cough,ffa4a506.wav,1,152995,Attribution
Laughter,ffbba18f.wav,0,76066,Attribution
Laughter,ffc8d3ae.wav,0,213291,Attribution
Computer_keyboard,ffcb5c56.wav,1,348239,Creative Commons 0
Knock,ffcefb78.wav,1,148944,Creative Commons 0
Keys_jangling,ffda1d2b.wav,1,146335,Creative Commons 0
Knock,ffe16cef.wav,0,104002,Creative Commons 0
Laughter,fff44ac6.wav,0,133674,Attribution
Cough,fff81f55.wav,1,19117,Attribution
